-- EXERCITIUL 10
CREATE SEQUENCE INCR_CLIENT START WITH 1 INCREMENT BY 1;

CREATE SEQUENCE INCR_CONT START WITH 1000 INCREMENT BY 1;
CREATE SEQUENCE INCR_PASAGER START WITH 1 INCREMENT BY 1;

CREATE SEQUENCE INCR_BAGAJ START WITH 10 INCREMENT BY 10;

CREATE SEQUENCE INCR_ZBOR START WITH 1 INCREMENT BY 1;


CREATE SEQUENCE INCR_ANGAJAT START WITH 1 INCREMENT BY 1;

--EXERCITIUL 11

CREATE TABLE CLIENT(COD_CLIENT NUMBER PRIMARY KEY, NUME_CLIENT VARCHAR2(50) NOT NULL,
PRENUME VARCHAR2(50) NOT NULL, EMAIL VARCHAR(50) NOT NULL UNIQUE, TELEFON VARCHAR2(15) NOT NULL,
DATA_NASTERII DATE NOT NULL);


INSERT INTO CLIENT VALUES(INCR_CLIENT.NEXTVAL,'Popescu', 'Ion', 'ion.popescu@gmail.com','0723123456',TO_DATE('1995-03-14','YYYY-MM-DD));


INSERT INTO CLIENT VALUES (INCR_CLIENT.NEXTVAL, 'Ionescu', 'Maria', 'maria.ionescu@yahoo.com', '07445556667', TO_DATE('1988-07-21', 'YYYY-MM-DD));

INSERT INTO CLIENT VALUES(INCR_CLIENT.NEXTVAL, 'Radu', 'Elena', 'elena.radu@gmail.com', '0730111222', TO_DATE('1992-05-17','YYYY-MM-DD'));

INSERT INTO CLIENT VALUES (INCR_CLIENT.NEXTVAL,'Dumitru', 'Cristian', 'cristi.dumitru@yahoo.com','0769123456', TO_DATE('1990-05-07', 'YYYY-MM-DD'));

INSERT INTO CLIENT VALUES (INCR_CLIENT.NEXTVAL,'Georgescu', 'Ioana', 'ioana.geo@gmail.com','0722122233',TO_DATE('1985-12-11','YYYY-MM-DD'));

INSERT INTO CLIENT VALUES(INCR_CLIENT.NEXTVAL,'Mihai','Alexandra','alex.mihai@yahoo.com','0750345678', TO_DATE('1997-08-30','YYYY-MM-DD'));

INSERT INTO CLIENT VALUES (INCR_CLIENT.NEXTVAL, 'Tudor', 'Vlad', 'vlad.tudor@gmail.com', '0789987654', TO_DATE('1991-04-06','YYYY-MM-DD'));

INSERT INTO CLIENT VALUES(INCR_CLIENT.NEXTVAL,'Stan', 'Garbriela', 'gabi.stan@yahoo.com','0712321654',TO_DATE('1983-02-25','YYYY-MM-DD'));

INSERT INTO CLIENT VALUES (INCR_CLIENT.NEXTVAL,'Ilie','Robert','ilie.robert@gmail.com', '0765432765',TO_DATE('2000-09-23','YYYY-MM-DD'));

INSERT INTO CLIENT VALUES(INCR_CLIENT.NEXTVAL, 'Marinescu','Laura', 'laura.mari@yahoo.com','0798567417',TO_DATE('2001-07-17','YYYY-MM-DD'));

INSERT INTO CLIENT VALUES (INCR_CLIENT.NEXTVAL,'Albu','Denisa','alb.denisa@yahoo.com','0756489123', TO_DATE('1980-05-08','YYYY-MM-DD'));

INSERT INTO CLIENT VALUES(INCR_CLIENT.NEXTVAL,'Barbu','Rares', 'rares.barb@gmail.com','0789345876', TO_DATE('2003-01-24', 'YYYY-MM-DD'));

INSERT INTO CLIENT VALUES(INCR_CLIENT.NEXTVAL,'Petrescu', 'Marius', 'marius.petrescu@yahoo.com', '0799876379', TO_DATE('1998-05-11','YYYY-MM-DD'));

INSERT INTO CLIENT VALUES (INCR_CLIENT.NEXTVAL,'Popescu', 'Mihai', 'mihai.pop@gmail.com', '0765443228', TO_DATE('1999-11-12','YYYY-MM-DD'));

INSERT INTO CLIENT VALUES (INCR_CLIENT.NEXTVAL, 'Neagu', 'Andreea', 'deea.neagu@yahoo.com', '0789665441', TO_DATE('2005-12-15','YYYY-MM-DD'));

CREATE TABLE CONT_CLIENT(cod_cont NUMBER PRIMARY KEY, cod_client NUMBER NOT NULL, nivel_fidelitate VARCHAR2(50),
CONSTRAINT uq_cont UNIQUE (cod_client),
 FOREIGN KEY (cod_client) REFERENCES CLIENT(cod_client));

INSERT INTO CONT_CLIENT VALUES(INCR_CONT.NEXTVAL, 1,  'Silver');

INSERT INTO CONT_CLIENT VALUES (INCR_CONT.NEXTVAL, 2,  'Gold');

INSERT INTO CONT_CLIENT VALUES (INCR_CONT.NEXTVAL, 3,  'Standard');

INSERT INTO CONT_CLIENT VALUES (INCR_CONT.NEXTVAL, 4, 'Bronze');

INSERT INTO CONT_CLIENT VALUES (INCR_CONT.NEXTVAL, 5, 'Bronze');

INSERT INTO CONT_CLIENT VALUES(INCR_CONT.NEXTVAL, 6, 'Gold');

INSERT INTO CONT_CLIENT VALUES(INCR_CONT.NEXTVAL, 7,  'Standard');

INSERT INTO CONT_CLIENT VALUES(INCR_CONT.NEXTVAL, 8, 'Silver');

INSERT INTO CONT_CLIENT VALUES(INCR_CONT.NEXTVAL, 9, 'Silver');

INSERT INTO CONT_CLIENT VALUES(INCR_CONT.NEXTVAL, 10, 'Standard');

INSERT INTO CONT_CLIENT VALUES (INCR_CONT.NEXTVAL, 11, 'Gold');

INSERT INTO CONT_CLIENT VALUES(INCR_CONT.NEXTVAL, 12,  'Bronze');

INSERT INTO CONT_CLIENT VALUES(INCR_CONT.NEXTVAL, 13, 'Standard');

INSERT INTO CONT_CLIENT VALUES(INCR_CONT.NEXTVAL, 14, 'Silver');

CREATE TABLE CONTINENT(cod_continent VARCHAR2(6) PRIMARY KEY NOT NULL,
nume_continent VARCHAR2(50));


INSERT INTO CONTINENT VALUES('EU', 'Europa');

INSERT INTO CONTINENT VALUES ('AS', 'Asia');

INSERT INTO CONTINENT VALUES ('AF', 'Africa');

INSERT INTO CONTINENT VALUES ('NA', 'America de Nord');

INSERT INTO CONTINENT VALUES ('SA','America de Sud');

INSERT INTO CONTINENT VALUES ('OC', 'Oceania');

INSERT INTO CONTINENT VALUES('AN', 'Antarctica');

CREATE TABLE TARA (cod_tara VARCHAR2(4) PRIMARY KEY, nume_tara VARCHAR2(50), cod_continent VARCHAR2(6), FOREIGN KEY (cod_continent) REFERENCES CONTINENT(cod_continent));


INSERT INTO TARA VALUES ('RO', 'Romania', 'EU');

INSERT INTO TARA VALUES ('FR', 'Franta', 'EU');

INSERT INTO TARA VALUES ('DE', 'Germania', 'EU');

INSERT INTO TARA VALUES ('IT', 'Italia', 'EU');

INSERT INTO TARA VALUES ('ES','Spania', 'EU');

INSERT INTO TARA VALUES ('SUA', 'Statele Unite ale Americii', 'NA');

INSERT INTO TARA VALUES ('CN', 'China', 'AS');

INSERT INTO TARA VALUES ('JP','Japonia', 'AS');

INSERT INTO TARA VALUES ('BR', 'Brazilia', 'SA');

INSERT INTO TARA VALUES ('AU', 'Australia', 'OC');

INSERT INTO TARA VALUES  ('IN', 'India', 'AS');

INSERT INTO TARA VALUES ('UK', 'Regatul Unit', 'EU');

INSERT INTO TARA VALUES ('AR', 'Argentina', 'SA');

INSERT INTO TARA VALUES ('CA', 'Canada', 'NA');

INSERT INTO TARA VALUES ('BE', 'Belgia', 'EU');


CREATE TABLE ORAS(cod_oras VARCHAR2(7) PRIMARY KEY, 
nume_oras VARCHAR2(50), cod_tara VARCHAR2(4),
FOREIGN KEY (cod_tara) REFERENCES TARA(cod_tara));


INSERT INTO ORAS VALUES ('BUC', 'Bucuresti', 'RO');

INSERT INTO ORAS VALUES ('PAR', 'Paris', 'FR');

INSERT INTO ORAS VALUES ('BER', 'Berlin', 'DE');

INSERT INTO ORAS VALUES ('ROM', 'Roma', 'IT');

INSERT INTO ORAS VALUES ('MAD', 'Madrid', 'ES');

INSERT INTO ORAS VALUES ('NYC', 'New York City', 'SUA');

INSERT INTO ORAS VALUES ('BJS', 'Beijing', 'CN');

INSERT INTO ORAS VALUES ('TKY', 'Tokyo', 'JP');

INSERT INTO ORAS VALUES ('RIO', 'Rio de Janeiro', 'BR');

INSERT INTO ORAS VALUES ('SYD', 'Sydney', 'AU');

INSERT INTO ORAS VALUES ('DEL', 'New Delhi', 'IN');

INSERT INTO ORAS VALUES ('LON', 'Londra','UK');

INSERT INTO ORAS VALUES ('BUE', 'Buenos Aires', 'AR');

INSERT INTO ORAS VALUES ('TOR', 'Toronto', 'CA');

INSERT INTO ORAS VALUES ('BRU', 'Bruxelles', 'BE');

INSERT INTO ORAS VALUES ('CLU', 'Cluj-Napoca', 'RO');

INSERT INTO ORAS VALUES ('LYO', 'Lyon', 'FR');

INSERT INTO ORAS VALUES ('HAM', 'Hamburg', 'DE');

INSERT INTO ORAS VALUES ('MIL', 'Milano', 'IT');

CREATE TABLE AERONAVA(cod_aeronava VARCHAR2(7) PRIMARY KEY,
nume_aeronava VARCHAR2(30), tip_aeronava VARCHAR2(30));

INSERT INTO AERONAVA VALUES ('A320', 'AIRBUS A320', 'Pasageri');

INSERT INTO AERONAVA VALUES ('B737', 'BOEING 737', 'Pasageri');

INSERT INTO AERONAVA VALUES ('C172', 'CESSNA 172', 'Privat');

INSERT INTO AERONAVA VALUES ('A380', 'AIRBUS A380', 'Pasageri');

INSERT INTO AERONAVA VALUES ('B777', 'BOEING 777', 'Pasageri');

INSERT INTO AERONAVA VALUES ('SR22', 'CIRRUS SR22', 'Privat');

INSERT INTO AERONAVA VALUES ('E175', 'EMBRAER E175', 'Pasageri');

INSERT INTO AERONAVA VALUES ('B747', 'BOEING 747', 'Pasageri');

CREATE TABLE AEROPORT(cod_aeroport VARCHAR2(10) PRIMARY KEY NOT NULL, nume VARCHAR2(70) NOT NULL, cod_oras VARCHAR2(7) NOT NULL, 
FOREIGN KEY (cod_oras) REFERENCES ORAS(cod_oras));



INSERT INTO AEROPORT VALUES('OTP', 'Aeroportul Henri Coanda','BUC');

INSERT INTO AEROPORT VALUES('CLJ', 'Aeroportul Avram Iancu', 'CLU');

INSERT INTO AEROPORT VALUES('CDG', 'Aeroportul Charles de Gaulle', 'PAR');

INSERT INTO AEROPORT VALUES('LYS', 'Aeroportul Lyon-Saint Exupery', 'LYO');

INSERT INTO AEROPORT VALUES('BER', 'Aeroportul Berlin Brandenburg', 'BER');

INSERT INTO AEROPORT VALUES('HAM', 'Aeroportul Hamburg','HAM');

INSERT INTO AEROPORT VALUES('FCO', 'Aeroportul Leonardo da Vinci', 'ROM');

INSERT INTO AEROPORT VALUES('MXP', 'Aeroportul Milano Malpensa', 'MIL');

INSERT INTO AEROPORT VALUES('MAD', 'Aeroportul Adolfo Suarez Madrid-Baraj', 'MAD');

INSERT INTO AEROPORT VALUES('JFK', 'Aeroportul John F. Kennedy', 'NYC');

INSERT INTO AEROPORT VALUES('PEK', 'Aeroportul Beijing Capital', 'BJS');

INSERT INTO AEROPORT VALUES('HND', 'Aeroportul Tokyo Haneda', 'TKY');

INSERT INTO AEROPORT VALUES('GIG', 'Aeroportul Galeao', 'RIO');

INSERT INTO AEROPORT VALUES('SYD', 'Aeroportul Kingsford Smith', 'SYD');

INSERT INTO AEROPORT VALUES('DEL', 'Aeroportul Indira Gandhi', 'DEL');

INSERT INTO AEROPORT VALUES('LHR', 'Aeroportul Heathrow', 'LON');


INSERT INTO AEROPORT VALUES('EZE', 'Aeroportul Ministro Pistarini', 'BUE');

INSERT INTO AEROPORT VALUES('YYZ', 'Aeroportul Toronto Pearson', 'TOR');

INSERT INTO AEROPORT VALUES('BRU', 'Aeroportul Bruxelles-Zaventem', 'BRU');



CREATE TABLE ZBOR(cod_zbor VARCHAR2(5) PRIMARY KEY NOT NULL,  cod_aeroport_plecare VARCHAR(10) NOT NULL, 
cod_aeroport_sosire VARCHAR2(10) NOT NULL, data_plecare DATE NOT NULL, data_sosire DATE NOT NULL,cod_aeronava VARCHAR2(7),
FOREIGN KEY (cod_aeronava) REFERENCES AERONAVA(cod_aeronava),
FOREIGN KEY (cod_aeroport_plecare) REFERENCES AEROPORT(cod_aeroport),
FOREIGN KEY (cod_aeroport_sosire) REFERENCES AEROPORT(cod_aeroport));


INSERT INTO ZBOR VALUES('ZB'||INCR_ZBOR.NEXTVAL, 'OTP','CDG', TO_DATE('2025-06-01 9:15:00','YYYY-MM-DD HH24:MI:SS'), TO_DATE('2025-06-01 10:45:00', 'YYYY-MM-DD HH24:MI:SS'), 'A320');

INSERT INTO ZBOR VALUES('ZB'||INCR_ZBOR.NEXTVAL, 'CDG','BER',TO_DATE('2025-07-03 09:15:00','YYYY-MM-DD HH24:MI:SS'), TO_DATE('2025-07-03 10:45:00','YYYY-MM-DD HH24:MI:SS'),'B737');

INSERT INTO ZBOR VALUES('ZB'||INCR_ZBOR.NEXTVAL,'MAD','JFK',TO_DATE('2025-09-23 21:00:00','YYYY-MM-DD HH24:MI:SS'), TO_DATE('2025-09-24 06:00:00', 'YYYY-MM-DD HH24:MI:SS'),'A320');


INSERT INTO ZBOR VALUES('ZB'||INCR_ZBOR.NEXTVAL,'BRU','OTP',TO_DATE('2025-08-20 13:00:00','YYYY-MM-DD HH24:MI:SS'), TO_DATE('2025-08-20 15:00:00','YYYY-MM-DD HH24:MI:SS'),'A380');

INSERT INTO ZBOR VALUES('ZB'||INCR_ZBOR.NEXTVAL,'SYD','DEL', TO_DATE('2025-10-12 11:30:00','YYYY-MM-DD HH24:MI:SS'), TO_DATE('2025-10-12 20:00:00','YYYY-MM-DD HH24:MI:SS'),'C172');


CREATE TABLE PASAGER (cod_pasager NUMBER PRIMARY KEY NOT NULL, nume_pasager VARCHAR2(50), prenume_pasager VARCHAR2(50), tip_carte_iden VARCHAR2(20), serie_act VARCHAR2(10) NOT NULL UNIQUE);

INSERT INTO PASAGER VALUES(INCR_PASAGER.NEXTVAL, 'Popescu', 'Ion','Pasaport', 'AB12345678');

INSERT INTO PASAGER VALUES(INCR_PASAGER.NEXTVAL, 'Ionescu', 'Maria', 'CI', 'XZ09876543');

INSERT INTO PASAGER VALUES(INCR_PASAGER.NEXTVAL,'Dumitrescu', 'Florin', 'Pasaport', 'CD56789012');

INSERT INTO PASAGER VALUES(INCR_PASAGER.NEXTVAL,'Radulescu', 'Cristina', 'CI', 'LM34567890');

INSERT INTO PASAGER VALUES(INCR_PASAGER.NEXTVAL,'Serban', 'Garbriela', 'Pasaport', 'WX12340987');

INSERT INTO PASAGER VALUES (INCR_PASAGER.NEXTVAL, 'Radu', 'Elena', 'CI', 'XZ11223344');

INSERT INTO PASAGER VALUES (INCR_PASAGER.NEXTVAL, 'Dumitru', 'Cristian', 'Pasaport', 'AB99887766');

INSERT INTO PASAGER VALUES (INCR_PASAGER.NEXTVAL, 'Georgescu', 'Ioana', 'Pasaport', 'CD11224455');

INSERT INTO PASAGER VALUES (INCR_PASAGER.NEXTVAL, 'Mihai', 'Alexandra', 'CI', 'EF66778899');

INSERT INTO PASAGER VALUES (INCR_PASAGER.NEXTVAL, 'Tudor', 'Vlad', 'Pasaport', 'GH44556677');

INSERT INTO PASAGER VALUES (INCR_PASAGER.NEXTVAL, 'Stan', 'Gabriela', 'CI', 'IJ22334455');

INSERT INTO PASAGER VALUES (INCR_PASAGER.NEXTVAL, 'Ilie', 'Robert', 'Pasaport', 'KL55667788');

INSERT INTO PASAGER VALUES (INCR_PASAGER.NEXTVAL, 'Marinescu', 'Laura', 'CI', 'MN66778899');

INSERT INTO PASAGER VALUES (INCR_PASAGER.NEXTVAL, 'Albu', 'Denisa', 'Pasaport', 'OP77889900');

INSERT INTO PASAGER VALUES (INCR_PASAGER.NEXTVAL, 'Barbu', 'Rares', 'CI', 'QR88990011');

CREATE TABLE BAGAJ (cod_bagaj NUMBER PRIMARY KEY, cod_pasager NUMBER NOT NULL, pret NUMBER NOT NULL, tip VARCHAR2(15) DEFAULT 'STANDARD' CHECK (tip IN ('STANDARD', 'COMPARTIMENT', 'CALA')),FOREIGN KEY(cod_pasager) REFERENCES PASAGER(cod_pasager));

INSERT INTO BAGAJ VALUES (INCR_BAGAJ.NEXTVAL,1 , 30, 'COMPARTIMENT');

INSERT INTO BAGAJ VALUES (INCR_BAGAJ.NEXTVAL,2 , 50, 'COMPARTIMENT');

INSERT INTO BAGAJ VALUES (INCR_BAGAJ.NEXTVAL, 2, 80, 'CALA');

INSERT INTO BAGAJ VALUES (INCR_BAGAJ.NEXTVAL, 3, 10, 'STANDARD');

INSERT INTO BAGAJ VALUES (INCR_BAGAJ.NEXTVAL, 5, 20, 'COMPARTIMENT');

CREATE TABLE ANGAJAT(cod_angajat NUMBER PRIMARY KEY NOT NULL, tip_angajat VARCHAR2(30) NOT NULL, salariu NUMBER NOT NULL, an_angajare NUMBER NOT NULL);

INSERT INTO ANGAJAT VALUES (incr_angajat.NEXTVAL,'Pilot', 8500, 2012);

INSERT INTO ANGAJAT VALUES (incr_angajat.NEXTVAL,'Pilot', 7000, 2015);

INSERT INTO ANGAJAT VALUES (incr_angajat.NEXTVAL,'Pilot', 9000, 2011);

INSERT INTO ANGAJAT VALUES (incr_angajat.NEXTVAL,'Pilot', 7200, 2016);

INSERT INTO ANGAJAT VALUES (incr_angajat.NEXTVAL,'Pilot', 7800, 2017);

INSERT INTO ANGAJAT VALUES (incr_angajat.NEXTVAL, 'Insotitor de zbor', 4000, 2018);

INSERT INTO ANGAJAT VALUES (incr_angajat.NEXTVAL,  'Insotitor de zbor', 3500, 2019);

INSERT INTO ANGAJAT VALUES (incr_angajat.NEXTVAL,  'Insotitor de zbor', 4200, 2020);

INSERT INTO ANGAJAT VALUES (incr_angajat.NEXTVAL,  'Insotitor de zbor', 3800, 2021);

INSERT INTO ANGAJAT VALUES (incr_angajat.NEXTVAL,  'Insotitor de zbor', 3900, 2022);

INSERT INTO ANGAJAT VALUES (incr_angajat.NEXTVAL,'Cadru medical', 9000, 2016);

INSERT INTO ANGAJAT VALUES (incr_angajat.NEXTVAL,'Cadru medical', 9500, 2014);

INSERT INTO ANGAJAT VALUES (incr_angajat.NEXTVAL, 'Cadru medical', 9200, 2015);

INSERT INTO ANGAJAT VALUES (incr_angajat.NEXTVAL, 'Cadru medical', 8800, 2017);

INSERT INTO ANGAJAT VALUES (incr_angajat.NEXTVAL,'Cadru medical', 9100, 2018);

CREATE TABLE PILOT(cod_angajat NUMBER PRIMARY KEY NOT NULL, tip_licenta VARCHAR2(4));

INSERT INTO PILOT VALUES (1, 'A320');

INSERT INTO PILOT VALUES (2, 'B737');

INSERT INTO PILOT VALUES (3, 'B777');

INSERT INTO PILOT VALUES (4, 'A330');

INSERT INTO PILOT VALUES (5, 'B787');

CREATE TABLE INSOTITOR_ZBOR(cod_angajat NUMBER PRIMARY KEY NOT NULL, nr_limbi_vorbite NUMBER NOT NULL, nr_cursuri_siguranta NUMBER);

INSERT INTO INSOTITOR_ZBOR VALUES (6, 3, 5);

INSERT INTO INSOTITOR_ZBOR VALUES (7, 2, 4);

INSERT INTO INSOTITOR_ZBOR VALUES (8, 4, 6);

INSERT INTO INSOTITOR_ZBOR VALUES (9, 1, 3);

INSERT INTO INSOTITOR_ZBOR VALUES (10, 5, 7);

CREATE TABLE CADRU_MEDICAL(cod_angajat NUMBER PRIMARY KEY NOT NULL, specializare VARCHAR2(30), an_certificare NUMBER NOT NULL);

INSERT INTO CADRU_MEDICAL VALUES (11, 'Cardiologie', 2015);

INSERT INTO CADRU_MEDICAL VALUES (12, 'Ortopedie', 2018);

INSERT INTO CADRU_MEDICAL VALUES (13, 'Neurologie', 2017);

INSERT INTO CADRU_MEDICAL VALUES (14, 'Pediatrie', 2019);

INSERT INTO CADRU_MEDICAL VALUES (15, 'Chirurgie', 2020);

CREATE TABLE ORAR_ANGAJATI(cod_angajat NUMBER NOT NULL, cod_zbor VARCHAR2(5) NOT NULL, CONSTRAINT ORAR_ANG_PK PRIMARY KEY (cod_angajat,cod_zbor), FOREIGN KEY (cod_angajat) REFERENCES ANGAJAT(cod_angajat), FOREIGN KEY (cod_zbor) REFERENCES ZBOR (cod_zbor), rol VARCHAR(30) NOT NULL);
INSERT INTO ORAR_ANGAJATI VALUES (1, 'ZB1'); 

INSERT INTO ORAR_ANGAJATI VALUES (2, 'ZB2'); 

INSERT INTO ORAR_ANGAJATI VALUES (6, 'ZB3'); 

INSERT INTO ORAR_ANGAJATI VALUES (7, 'ZB4'); 

INSERT INTO ORAR_ANGAJATI VALUES (11, 'ZB5'); 

INSERT INTO ORAR_ANGAJATI VALUES (3, 'ZB1'); 

INSERT INTO ORAR_ANGAJATI VALUES (8, 'ZB2'); 

INSERT INTO ORAR_ANGAJATI VALUES (12, 'ZB3'); 

INSERT INTO ORAR_ANGAJATI VALUES (4, 'ZB4');

INSERT INTO ORAR_ANGAJATI VALUES (9, 'ZB5');

CREATE TABLE LOC (cod_loc VARCHAR2(4) PRIMARY KEY, clasa VARCHAR2(30), pret NUMBER );

INSERT INTO LOC VALUES ('1A', 'Business', 100);

INSERT INTO LOC VALUES ('1B', 'Business', 100);

INSERT INTO LOC VALUES ('2A', 'Business', 150);

INSERT INTO LOC VALUES ('2B', 'Business', 100);

INSERT INTO LOC VALUES ('3A', 'Business', 200);

INSERT INTO LOC VALUES ('3B', 'Business', 90);

INSERT INTO LOC VALUES ('4A', 'Business', 120);

INSERT INTO LOC VALUES ('4B', 'Business', 100);

INSERT INTO LOC VALUES ('5A', 'Econimic', 70);

INSERT INTO LOC VALUES ('5B', 'Econimic', 60);

INSERT INTO LOC VALUES ('6A', 'Econimic', 60);

INSERT INTO LOC VALUES ('6B', 'Econimic', 60);

INSERT INTO LOC VALUES ('7A', 'Econimic', 60);

INSERT INTO LOC VALUES ('7B', 'Econimic', 60);

INSERT INTO LOC VALUES ('8A', 'Econimic', 50);

INSERT INTO LOC VALUES ('8B', 'Econimic', 50);

INSERT INTO LOC VALUES ('9A', 'Econimic', 45);

INSERT INTO LOC VALUES ('9B', 'Econimic', 45);

INSERT INTO LOC VALUES ('10A', 'Econimic', 40);

INSERT INTO LOC VALUES ('10B', 'Econimic', 40);

CREATE TABLE OCUPARE_LOC(cod_loc VARCHAR2(4) NOT NULL, cod_pasager NUMBER NOT NULL, cod_zbor VARCHAR2(5),
CONSTRAINT ocupare_loc_fk PRIMARY KEY (cod_loc,cod_zbor),
FOREIGN KEY (cod_loc) REFERENCES LOC(cod_loc), 
FOREIGN KEY (cod_pasager) REFERENCES PASAGER (cod_pasager),
FOREIGN KEY (cod_zbor) REFERENCES ZBOR(cod_zbor));




INSERT INTO OCUPARE_LOC VALUES ('1A', 1, 'ZB1'); 

INSERT INTO OCUPARE_LOC VALUES ('1B', 2, 'ZB1'); 

INSERT INTO OCUPARE_LOC VALUES ('2A', 3, 'ZB2'); 

INSERT INTO OCUPARE_LOC VALUES ('2B', 4, 'ZB2'); 

INSERT INTO OCUPARE_LOC VALUES ('3A', 5, 'ZB3'); 

INSERT INTO OCUPARE_LOC VALUES ('3B', 1, 'ZB4'); 

INSERT INTO OCUPARE_LOC VALUES ('4A', 2, 'ZB5'); 

INSERT INTO OCUPARE_LOC VALUES ('4B', 3, 'ZB5'); 

INSERT INTO OCUPARE_LOC VALUES ('5A', 4, 'ZB3'); 

INSERT INTO OCUPARE_LOC VALUES ('5B', 5, 'ZB1');

CREATE TABLE REZERVARE (
cod_client NUMBER NOT NULL,
cod_zbor VARCHAR2(5) NOT NULL,
cod_pasager NUMBER NOT NULL,
data_rezervarii DATE DEFAULT SYSDATE,
status VARCHAR2(20) NOT NULL,
CONSTRAINT rezervare_pk PRIMARY KEY (cod_client, cod_pasager, cod_zbor),
FOREIGN KEY (cod_client) REFERENCES CLIENT(cod_client),
FOREIGN KEY (cod_pasager) REFERENCES PASAGER(cod_pasager),
FOREIGN KEY (cod_zbor) REFEReNCES ZBOR(cod_zbor));

INSERT INTO REZERVARE VALUES (1, 'ZB1', 1, TO_DATE('2025-05-20', 'YYYY-MM-DD'), 'confirmata');

INSERT INTO REZERVARE VALUES (1, 'ZB2', 1, TO_DATE('2025-05-20', 'YYYY-MM-DD'), 'confirmata');

INSERT INTO REZERVARE VALUES (1, 'ZB3', 1, TO_DATE('2025-05-20', 'YYYY-MM-DD'), 'confirmata');

INSERT INTO REZERVARE VALUES (1, 'ZB4', 1, TO_DATE('2025-05-20', 'YYYY-MM-DD'), 'confirmata');

INSERT INTO REZERVARE VALUES (1, 'ZB5', 1, TO_DATE('2025-05-20', 'YYYY-MM-DD'), 'confirmata');

INSERT INTO REZERVARE VALUES (1, 'ZB6', 1, TO_DATE('2025-05-20', 'YYYY-MM-DD'), 'confirmata');

INSERT INTO REZERVARE VALUES (1, 'ZB7', 1, TO_DATE('2025-05-20', 'YYYY-MM-DD'), 'confirmata');

INSERT INTO REZERVARE VALUES (1, 'ZB8', 1, TO_DATE('2025-05-20', 'YYYY-MM-DD'), 'confirmata');

INSERT INTO REZERVARE VALUES (1, 'ZB9', 1, TO_DATE('2025-05-20', 'YYYY-MM-DD'), 'confirmata');

INSERT INTO REZERVARE VALUES (1, 'ZB10', 1, TO_DATE('2025-05-20', 'YYYY-MM-DD'), 'confirmata');

INSERT INTO REZERVARE VALUES (1, 'ZB11', 1, TO_DATE('2025-05-20', 'YYYY-MM-DD'), 'confirmata');

INSERT INTO REZERVARE VALUES (1, 'ZB12', 1, TO_DATE('2025-05-20', 'YYYY-MM-DD'), 'confirmata');

INSERT INTO REZERVARE VALUES (1, 'ZB13', 1, TO_DATE('2025-05-20', 'YYYY-MM-DD'), 'confirmata');

INSERT INTO REZERVARE VALUES (1, 'ZB14', 1, TO_DATE('2025-05-20', 'YYYY-MM-DD'), 'confirmata');

INSERT INTO REZERVARE VALUES (1, 'ZB15', 1, TO_DATE('2025-05-20', 'YYYY-MM-DD'), 'confirmata');

INSERT INTO REZERVARE VALUES (1, 'ZB16', 1, TO_DATE('2025-05-20', 'YYYY-MM-DD'), 'confirmata');

INSERT INTO REZERVARE VALUES (1, 'ZB17', 1, TO_DATE('2025-05-20', 'YYYY-MM-DD'), 'confirmata');

INSERT INTO REZERVARE VALUES (1, 'ZB18', 1, TO_DATE('2025-05-20', 'YYYY-MM-DD'), 'confirmata');

INSERT INTO REZERVARE VALUES (1, 'ZB19', 1, TO_DATE('2025-05-20', 'YYYY-MM-DD'), 'confirmata');

INSERT INTO REZERVARE VALUES (1, 'ZB20', 1, TO_DATE('2025-05-20', 'YYYY-MM-DD'), 'confirmata');



INSERT INTO REZERVARE VALUES (2, 'ZB1', 6, TO_DATE('2025-05-21', 'YYYY-MM-DD'), 'confirmata');

INSERT INTO REZERVARE VALUES (3, 'ZB2', 7, TO_DATE('2025-06-05', 'YYYY-MM-DD'), 'confirmata');

INSERT INTO REZERVARE VALUES (4, 'ZB2', 8, TO_DATE('2025-06-06', 'YYYY-MM-DD'), 'confirmata');

INSERT INTO REZERVARE VALUES (5, 'ZB3', 9, TO_DATE('2025-08-01', 'YYYY-MM-DD'), 'confirmata');

INSERT INTO REZERVARE VALUES (6, 'ZB3', 10, TO_DATE('2025-08-02', 'YYYY-MM-DD'), 'confirmata');

INSERT INTO REZERVARE VALUES (7, 'ZB4', 11, TO_DATE('2025-08-10', 'YYYY-MM-DD'), 'in asteptare');

INSERT INTO REZERVARE VALUES (8, 'ZB4', 12, TO_DATE('2025-08-11', 'YYYY-MM-DD'), 'confirmata');

INSERT INTO REZERVARE VALUES (9, 'ZB5', 13, TO_DATE('2025-09-01', 'YYYY-MM-DD'), 'confirmata');

INSERT INTO REZERVARE VALUES (10, 'ZB5', 14, TO_DATE('2025-09-02', 'YYYY-MM-DD'), 'confirmata');

INSERT INTO REZERVARE VALUES (11, 'ZB1', 8, TO_DATE('2025-05-22', 'YYYY-MM-DD'), 'anulata');

INSERT INTO REZERVARE VALUES (12, 'ZB2', 2, TO_DATE('2025-06-01', 'YYYY-MM-DD'), 'confirmata');

INSERT INTO REZERVARE VALUES (13, 'ZB3', 3, TO_DATE('2025-07-25', 'YYYY-MM-DD'), 'confirmata');

INSERT INTO REZERVARE VALUES (14, 'ZB4', 4, TO_DATE('2025-08-05', 'YYYY-MM-DD'), 'confirmata');

 












